DSITRICT_ID,DISTR,DISTRICT,LIAN,NEWDISCODE,geometry,centroid_lon,centroid_lat
0,DISTRITO DE AILEU,AILEU,Mambae (Aileu),2,"POLYGON ((125.7706527709961 -8.587400436401367, 125.767936706543 -8.595800399780273, 125.7597808837891 -8.600090026855469, 125.7586975097656 -8.605119705200195, 125.766357421875 -8.611740112304688, 125.7702713012695 -8.620880126953125, 125.777229309082 -8.623539924621582, 125.7740631103516 -8.636599540710449, 125.7778472900391 -8.639249801635742, 125.7807769775391 -8.648579597473145, 125.7890167236328 -8.649089813232422, 125.7867431640625 -8.652910232543945, 125.7884216308594 -8.664669990539551, 125.7917785644531 -8.665599822998047, 125.796501159668 -8.674869537353516, 125.8089065551758 -8.677430152893066, 125.8135375976562 -8.681679725646973, 125.8102264404297 -8.713379859924316, 125.8177108764648 -8.729550361633301, 125.8075790405273 -8.736760139465332, 125.802116394043 -8.74878978729248, 125.7945404052734 -8.748880386352539, 125.7903137207031 -8.74370002746582, 125.7853164672852 -8.744620323181152, 125.7782592773438 -8.739299774169922, 125.7693328857422 -8.739580154418945, 125.7713928222656 -8.74701976776123, 125.7681121826172 -8.754630088806152, 125.7636413574219 -8.759610176086426, 125.7595520019531 -8.758620262145996, 125.7578125 -8.763270378112793, 125.75390625 -8.761770248413086, 125.7535400390625 -8.772049903869629, 125.737060546875 -8.786890029907227, 125.7236785888672 -8.783060073852539, 125.7252807617188 -8.777190208435059, 125.7220764160156 -8.772729873657227, 125.7069778442383 -8.762550354003906, 125.7026519775391 -8.761719703674316, 125.7009735107422 -8.764960289001465, 125.689323425293 -8.75922966003418, 125.6843414306641 -8.760890007019043, 125.6862564086914 -8.755760192871094, 125.674430847168 -8.758110046386719, 125.6719970703125 -8.763759613037109, 125.6716613769531 -8.759300231933594, 125.6610717773438 -8.76416015625, 125.6579513549805 -8.762840270996094, 125.6466217041016 -8.770489692687988, 125.6449127197266 -8.788370132446289, 125.6423873901367 -8.790140151977539, 125.6341934204102 -8.786129951477051, 125.6291580200195 -8.785820007324219, 125.6272964477539 -8.788789749145508, 125.6206893920898 -8.78516960144043, 125.6070327758789 -8.788979530334473, 125.6053466796875 -8.795470237731934, 125.6090316772461 -8.803190231323242, 125.6073837280273 -8.808710098266602, 125.6106872558594 -8.822349548339844, 125.579963684082 -8.824370384216309, 125.5755462646484 -8.831089973449707, 125.5686798095703 -8.833020210266113, 125.5703125 -8.839110374450684, 125.5653610229492 -8.843939781188965, 125.5578308105469 -8.842570304870605, 125.5483627319336 -8.835000038146973, 125.5428695678711 -8.836569786071777, 125.5433502197266 -8.840290069580078, 125.5387725830078 -8.840660095214844, 125.5377426147461 -8.845609664916992, 125.5326232910156 -8.844699859619141, 125.5269393920898 -8.849980354309082, 125.5100631713867 -8.842470169067383, 125.5055465698242 -8.850250244140625, 125.4974822998047 -8.850700378417969, 125.4915771484375 -8.817290306091309, 125.4778137207031 -8.797880172729492, 125.4699325561523 -8.800530433654785, 125.4680328369141 -8.798290252685547, 125.463996887207 -8.80204963684082, 125.4597091674805 -8.786109924316406, 125.4542236328125 -8.78069019317627, 125.4618530273438 -8.773159980773926, 125.4643936157227 -8.765410423278809, 125.4713363647461 -8.762249946594238, 125.4698867797852 -8.755629539489746, 125.4764633178711 -8.745100021362305, 125.4739303588867 -8.74254035949707, 125.4765319824219 -8.73777961730957, 125.4651870727539 -8.729869842529297, 125.4590301513672 -8.729900360107422, 125.4540634155273 -8.724490165710449, 125.4627532958984 -8.720560073852539, 125.483757019043 -8.72367000579834, 125.4881362915039 -8.703140258789062, 125.4970932006836 -8.710140228271484, 125.5102005004883 -8.707850456237793, 125.5320587158203 -8.684760093688965, 125.5349273681641 -8.670700073242188, 125.5303573608398 -8.668789863586426, 125.5216598510742 -8.64700984954834, 125.5033874511719 -8.638270378112793, 125.50390625 -8.635390281677246, 125.5137405395508 -8.635129928588867, 125.5143127441406 -8.6243896484375, 125.5281066894531 -8.613349914550781, 125.5444564819336 -8.62300968170166, 125.5484008789062 -8.621700286865234, 125.5657806396484 -8.627090454101562, 125.5656967163086 -8.624059677124023, 125.5728073120117 -8.62399959564209, 125.5800399780273 -8.619540214538574, 125.5896911621094 -8.609479904174805, 125.5907592773438 -8.604430198669434, 125.6080703735352 -8.599820137023926, 125.6027679443359 -8.589489936828613, 125.6184768676758 -8.582880020141602, 125.6438827514648 -8.593549728393555, 125.6491470336914 -8.590550422668457, 125.6617126464844 -8.570380210876465, 125.6643905639648 -8.57017993927002, 125.6643371582031 -8.577569961547852, 125.6685562133789 -8.582380294799805, 125.67626953125 -8.587530136108398, 125.6859512329102 -8.588310241699219, 125.6884536743164 -8.582300186157227, 125.6862564086914 -8.571820259094238, 125.6980133056641 -8.559169769287109, 125.7132110595703 -8.56581974029541, 125.7350082397461 -8.564299583435059, 125.7410430908203 -8.567520141601562, 125.75390625 -8.564220428466797, 125.7569580078125 -8.568110466003418, 125.7609786987305 -8.566659927368164, 125.7663726806641 -8.571220397949219, 125.7706527709961 -8.587400436401367))",125.636182466732,-8.70168699073966
1,DISTRITO DE AINARO,AINARO,Mambae (Ainaro),1,"POLYGON ((125.6111907958984 -8.938739776611328, 125.6072769165039 -8.940690040588379, 125.6080703735352 -8.946539878845215, 125.5974578857422 -8.953149795532227, 125.5938186645508 -8.961640357971191, 125.5943984985352 -8.98058032989502, 125.5860290527344 -9.010040283203125, 125.5932693481445 -9.01576042175293, 125.595817565918 -9.041560173034668, 125.608757019043 -9.051070213317871, 125.6278228759766 -9.05620002746582, 125.6281433105469 -9.064940452575684, 125.6332168579102 -9.06427001953125, 125.6343612670898 -9.068499565124512, 125.6434936523438 -9.06721019744873, 125.6523666381836 -9.075200080871582, 125.6700668334961 -9.072790145874023, 125.6738662719727 -9.079230308532715, 125.6838607788086 -9.083559989929199, 125.686653137207 -9.091320037841797, 125.6911773681641 -9.093709945678711, 125.6892929077148 -9.116049766540527, 125.6723937988281 -9.12067985534668, 125.6672286987305 -9.135100364685059, 125.67529296875 -9.169960021972656, 125.691520690918 -9.179100036621094, 125.7006988525391 -9.194219589233398, 125.6826705932617 -9.200949668884277, 125.6644515991211 -9.201160430908203, 125.6242980957031 -9.187069892883301, 125.6016998291016 -9.186200141906738, 125.5812072753906 -9.193650245666504, 125.5446166992188 -9.220330238342285, 125.5254974365234 -9.222180366516113, 125.529899597168 -9.217519760131836, 125.5272827148438 -9.212050437927246, 125.5282516479492 -9.191849708557129, 125.5402374267578 -9.161769866943359, 125.5249862670898 -9.155269622802734, 125.5230865478516 -9.146160125732422, 125.5043869018555 -9.141719818115234, 125.4964370727539 -9.143679618835449, 125.4948577880859 -9.138139724731445, 125.4860992431641 -9.131609916687012, 125.4742431640625 -9.127809524536133, 125.4812469482422 -9.106590270996094, 125.4751129150391 -9.088769912719727, 125.4749069213867 -9.076809883117676, 125.4629135131836 -9.066049575805664, 125.4443435668945 -9.061829566955566, 125.4492568969727 -9.042079925537109, 125.4452133178711 -9.037919998168945, 125.4497833251953 -9.025970458984375, 125.4375915527344 -9.006759643554688, 125.4303131103516 -9.007820129394531, 125.4271087646484 -9.004210472106934, 125.4247436523438 -8.992810249328613, 125.429313659668 -8.985269546508789, 125.4507369995117 -8.97581958770752, 125.4511795043945 -8.970339775085449, 125.4568328857422 -8.964389801025391, 125.4523010253906 -8.954070091247559, 125.4602203369141 -8.943880081176758, 125.4673461914062 -8.938839912414551, 125.4731826782227 -8.939040184020996, 125.4729766845703 -8.936160087585449, 125.4808731079102 -8.929920196533203, 125.4810028076172 -8.922410011291504, 125.4919204711914 -8.916769981384277, 125.4945602416992 -8.911290168762207, 125.4924468994141 -8.896980285644531, 125.5033874511719 -8.890130043029785, 125.5046234130859 -8.883090019226074, 125.5218887329102 -8.874250411987305, 125.5210113525391 -8.865610122680664, 125.507926940918 -8.850700378417969, 125.5100631713867 -8.842470169067383, 125.5265426635742 -8.85006046295166, 125.5326232910156 -8.844699859619141, 125.5377426147461 -8.845609664916992, 125.5387725830078 -8.840660095214844, 125.5433502197266 -8.840290069580078, 125.5428695678711 -8.836569786071777, 125.5483627319336 -8.835000038146973, 125.5578308105469 -8.842570304870605, 125.5653610229492 -8.843939781188965, 125.5703125 -8.839110374450684, 125.5686798095703 -8.833020210266113, 125.5755462646484 -8.831089973449707, 125.579963684082 -8.824370384216309, 125.6106872558594 -8.822349548339844, 125.6073837280273 -8.808710098266602, 125.6090316772461 -8.803190231323242, 125.6053466796875 -8.795470237731934, 125.6079330444336 -8.788290023803711, 125.6132202148438 -8.789230346679688, 125.6206893920898 -8.78516960144043, 125.6272964477539 -8.788789749145508, 125.6291580200195 -8.785820007324219, 125.6341934204102 -8.786129951477051, 125.6423873901367 -8.790140151977539, 125.6459426879883 -8.783419609069824, 125.6449890136719 -8.774439811706543, 125.650032043457 -8.766139984130859, 125.6716613769531 -8.759300231933594, 125.6719970703125 -8.763759613037109, 125.6773834228516 -8.756790161132812, 125.6862564086914 -8.755760192871094, 125.6843414306641 -8.760890007019043, 125.689323425293 -8.75922966003418, 125.6964416503906 -8.764209747314453, 125.7069778442383 -8.762550354003906, 125.7252807617188 -8.777190208435059, 125.7233200073242 -8.78262996673584, 125.7084274291992 -8.786279678344727, 125.6984024047852 -8.79619026184082, 125.6891479492188 -8.798769950866699, 125.6823806762695 -8.810000419616699, 125.6850509643555 -8.813469886779785, 125.6801834106445 -8.818719863891602, 125.685432434082 -8.828189849853516, 125.683349609375 -8.837619781494141, 125.6888885498047 -8.840869903564453, 125.6827011108398 -8.846400260925293, 125.6900177001953 -8.84904956817627, 125.6857070922852 -8.851539611816406, 125.6839294433594 -8.866999626159668, 125.6902465820312 -8.869000434875488, 125.6857223510742 -8.879440307617188, 125.6873168945312 -8.889120101928711, 125.6820907592773 -8.898810386657715, 125.6767501831055 -8.902549743652344, 125.6666564941406 -8.896200180053711, 125.6604614257812 -8.896969795227051, 125.6508483886719 -8.919260025024414, 125.6472930908203 -8.921219825744629, 125.6324005126953 -8.914959907531738, 125.622673034668 -8.914719581604004, 125.6218338012695 -8.923689842224121, 125.6126937866211 -8.928290367126465, 125.6178665161133 -8.934399604797363, 125.6111907958984 -8.938739776611328))",125.57376842713,-9.00069064419433
2,DISTRITO DE BAUCAU,BAUCAU,,3,"POLYGON ((126.1930770874023 -8.573740005493164, 126.1924514770508 -8.571619987487793, 126.1893768310547 -8.57349967956543, 126.1862030029297 -8.56836986541748, 126.184700012207 -8.552550315856934, 126.1811828613281 -8.548709869384766, 126.1827774047852 -8.541330337524414, 126.1795272827148 -8.540349960327148, 126.1830215454102 -8.538220405578613, 126.1823577880859 -8.530830383300781, 126.1855392456055 -8.526969909667969, 126.1654663085938 -8.509599685668945, 126.1610336303711 -8.495499610900879, 126.1856384277344 -8.502630233764648, 126.2066268920898 -8.49485969543457, 126.2373428344727 -8.502220153808594, 126.2547912597656 -8.486289978027344, 126.2801971435547 -8.480310440063477, 126.3085327148438 -8.456049919128418, 126.3400573730469 -8.449870109558105, 126.3550262451172 -8.430850028991699, 126.3713912963867 -8.422750473022461, 126.3807525634766 -8.428350448608398, 126.4169692993164 -8.414859771728516, 126.439338684082 -8.423299789428711, 126.4554595947266 -8.436820030212402, 126.4706115722656 -8.443120002746582, 126.5050964355469 -8.450920104980469, 126.5532302856445 -8.48114013671875, 126.5654373168945 -8.483050346374512, 126.581298828125 -8.470620155334473, 126.5978164672852 -8.470379829406738, 126.6125030517578 -8.45851993560791, 126.6388320922852 -8.450409889221191, 126.6574630737305 -8.43826961517334, 126.6955871582031 -8.42516040802002, 126.6971130371094 -8.434989929199219, 126.7067565917969 -8.444910049438477, 126.7075271606445 -8.460370063781738, 126.7162170410156 -8.481719970703125, 126.7361221313477 -8.489170074462891, 126.7401428222656 -8.493760108947754, 126.7455902099609 -8.493149757385254, 126.7412033081055 -8.497320175170898, 126.7331924438477 -8.496580123901367, 126.7302932739258 -8.503350257873535, 126.7231216430664 -8.504949569702148, 126.7225723266602 -8.521739959716797, 126.7476501464844 -8.533080101013184, 126.7575073242188 -8.555109977722168, 126.7820281982422 -8.567720413208008, 126.785026550293 -8.583660125732422, 126.7963562011719 -8.589389801025391, 126.8040313720703 -8.600689888000488, 126.8078231811523 -8.600130081176758, 126.8118209838867 -8.615090370178223, 126.8080596923828 -8.617819786071777, 126.8098068237305 -8.623279571533203, 126.7920532226562 -8.623920440673828, 126.7809600830078 -8.628809928894043, 126.7741317749023 -8.641139984130859, 126.7654113769531 -8.648189544677734, 126.7643508911133 -8.657540321350098, 126.7541580200195 -8.658639907836914, 126.7355575561523 -8.688130378723145, 126.7291412353516 -8.688949584960938, 126.734016418457 -8.678919792175293, 126.7291030883789 -8.67350959777832, 126.7286071777344 -8.664549827575684, 126.7108917236328 -8.648799896240234, 126.6848831176758 -8.650230407714844, 126.6573104858398 -8.63716983795166, 126.6514434814453 -8.639610290527344, 126.645149230957 -8.649060249328613, 126.6264495849609 -8.65349006652832, 126.6203308105469 -8.662969589233398, 126.6217727661133 -8.676340103149414, 126.6121673583984 -8.689129829406738, 126.5875778198242 -8.661399841308594, 126.5880584716797 -8.654120445251465, 126.5844497680664 -8.652819633483887, 126.574333190918 -8.658379554748535, 126.5664367675781 -8.658280372619629, 126.5620880126953 -8.663330078125, 126.5454025268555 -8.669639587402344, 126.5307388305664 -8.68297004699707, 126.5112609863281 -8.67881965637207, 126.5010299682617 -8.660880088806152, 126.4872970581055 -8.645589828491211, 126.4845428466797 -8.623490333557129, 126.487663269043 -8.618670463562012, 126.4821166992188 -8.61244010925293, 126.4776229858398 -8.612979888916016, 126.4759521484375 -8.596599578857422, 126.4641571044922 -8.593000411987305, 126.4608612060547 -8.595939636230469, 126.4650573730469 -8.598420143127441, 126.4621963500977 -8.605070114135742, 126.4660034179688 -8.608659744262695, 126.4589004516602 -8.611579895019531, 126.4619293212891 -8.613710403442383, 126.4601669311523 -8.621800422668457, 126.4693603515625 -8.627579689025879, 126.4631729125977 -8.632450103759766, 126.4588317871094 -8.641670227050781, 126.4541473388672 -8.643569946289062, 126.4545211791992 -8.647970199584961, 126.4446868896484 -8.662039756774902, 126.4548034667969 -8.671640396118164, 126.4508895874023 -8.673789978027344, 126.4561614990234 -8.683699607849121, 126.4501266479492 -8.686180114746094, 126.4527816772461 -8.692500114440918, 126.4434280395508 -8.702930450439453, 126.3995132446289 -8.690219879150391, 126.3895568847656 -8.668519973754883, 126.3971099853516 -8.659580230712891, 126.3874816894531 -8.65625, 126.3755874633789 -8.666170120239258, 126.3667831420898 -8.666190147399902, 126.3565521240234 -8.672060012817383, 126.3576736450195 -8.677740097045898, 126.3447113037109 -8.684000015258789, 126.3392791748047 -8.682629585266113, 126.331916809082 -8.673009872436523, 126.3169937133789 -8.68159008026123, 126.3075866699219 -8.681980133056641, 126.2863311767578 -8.668569564819336, 126.2800064086914 -8.670559883117676, 126.2789535522461 -8.676529884338379, 126.2736511230469 -8.679300308227539, 126.2728118896484 -8.686610221862793, 126.2683792114258 -8.686759948730469, 126.2643585205078 -8.693550109863281, 126.2529983520508 -8.693989753723145, 126.2564010620117 -8.690070152282715, 126.2515106201172 -8.685210227966309, 126.2454986572266 -8.688739776611328, 126.2456512451172 -8.686349868774414, 126.2393035888672 -8.686579704284668, 126.2377395629883 -8.683239936828613, 126.2339935302734 -8.685870170593262, 126.2323226928711 -8.683429718017578, 126.2276916503906 -8.691329956054688, 126.228759765625 -8.696410179138184, 126.2210693359375 -8.698060035705566, 126.2146530151367 -8.691780090332031, 126.2119216918945 -8.696109771728516, 126.2082977294922 -8.687210083007812, 126.2005615234375 -8.686220169067383, 126.1981964111328 -8.69242000579834, 126.1956329345703 -8.689060211181641, 126.1933975219727 -8.692729949951172, 126.1919937133789 -8.690380096435547, 126.1880569458008 -8.692629814147949, 126.1872406005859 -8.688509941101074, 126.1784973144531 -8.688179969787598, 126.168212890625 -8.677189826965332, 126.1605072021484 -8.679789543151855, 126.155029296875 -8.673769950866699, 126.1501770019531 -8.673259735107422, 126.1552734375 -8.663479804992676, 126.1801834106445 -8.64795970916748, 126.1806335449219 -8.643320083618164, 126.188102722168 -8.638689994812012, 126.1960067749023 -8.626420021057129, 126.1956024169922 -8.620109558105469, 126.1909332275391 -8.614809989929199, 126.1965713500977 -8.606200218200684, 126.1917572021484 -8.599610328674316, 126.1969528198242 -8.579669952392578, 126.1930770874023 -8.573740005493164))",126.469606262508,-8.56527712468869
3,DISTRITO DE BOBONARO,BOBONARO,Kemak (Marobo),4,"POLYGON ((125.0385131835938 -9.033220291137695, 125.0314788818359 -9.038189888000488, 125.0304489135742 -9.043540000915527, 125.0217666625977 -9.042920112609863, 125.0196533203125 -9.05027961730957, 125.0105361938477 -9.04994010925293, 125.0028381347656 -9.063229560852051, 124.9919281005859 -9.06425952911377, 124.9886932373047 -9.060110092163086, 124.9841766357422 -9.065959930419922, 124.9746398925781 -9.063070297241211, 124.9681777954102 -9.055890083312988, 124.9563369750977 -9.058369636535645, 124.952766418457 -9.048620223999023, 124.9480285644531 -9.052650451660156, 124.9466934204102 -9.04911994934082, 124.9402236938477 -9.046990394592285, 124.9419784545898 -9.037030220031738, 124.9319305419922 -9.028280258178711, 124.9318618774414 -9.018159866333008, 124.9376831054688 -9.018659591674805, 124.9380798339844 -9.003780364990234, 124.9332885742188 -8.997320175170898, 124.9410400390625 -8.984210014343262, 124.941162109375 -8.978719711303711, 124.9502868652344 -8.968910217285156, 124.9500427246094 -8.958040237426758, 124.9574966430664 -8.949850082397461, 124.9758377075195 -8.942049980163574, 124.9804382324219 -8.929929733276367, 124.9869689941406 -8.92393970489502, 124.9926071166992 -8.905779838562012, 125.0004577636719 -8.893179893493652, 125.005126953125 -8.864480018615723, 125.0132675170898 -8.854060173034668, 125.0278930664062 -8.838470458984375, 125.0336837768555 -8.83705997467041, 125.0357971191406 -8.831500053405762, 125.0416793823242 -8.828720092773438, 125.0552215576172 -8.830309867858887, 125.068733215332 -8.825229644775391, 125.0937728881836 -8.802120208740234, 125.0973892211914 -8.786450386047363, 125.0908737182617 -8.734809875488281, 125.1035385131836 -8.738240242004395, 125.1205062866211 -8.737319946289062, 125.1464614868164 -8.751299858093262, 125.1707305908203 -8.75298023223877, 125.1822967529297 -8.748350143432617, 125.1906967163086 -8.753990173339844, 125.1993713378906 -8.76609992980957, 125.2209777832031 -8.765870094299316, 125.2493896484375 -8.782349586486816, 125.2676773071289 -8.802969932556152, 125.2803115844727 -8.82528018951416, 125.2819671630859 -8.847929954528809, 125.2943496704102 -8.86674976348877, 125.2940673828125 -8.886139869689941, 125.3050765991211 -8.897210121154785, 125.3137664794922 -8.898690223693848, 125.3142623901367 -8.91096019744873, 125.328239440918 -8.925129890441895, 125.3154220581055 -8.946000099182129, 125.3211288452148 -8.94651985168457, 125.3233413696289 -8.950579643249512, 125.3207397460938 -8.955419540405273, 125.3271865844727 -8.955380439758301, 125.3272094726562 -8.962550163269043, 125.3383331298828 -8.970250129699707, 125.3435897827148 -8.982600212097168, 125.3443298339844 -8.993570327758789, 125.3576507568359 -8.995770454406738, 125.3733978271484 -8.985950469970703, 125.4147720336914 -8.978059768676758, 125.4300231933594 -8.985650062561035, 125.4240570068359 -8.996729850769043, 125.4325485229492 -9.011489868164062, 125.4344177246094 -9.022069931030273, 125.4212036132812 -9.040129661560059, 125.4072494506836 -9.019579887390137, 125.4004821777344 -9.031220436096191, 125.3958129882812 -9.033289909362793, 125.3950729370117 -9.040289878845215, 125.3871917724609 -9.048279762268066, 125.3787689208984 -9.050510406494141, 125.368408203125 -9.063309669494629, 125.372428894043 -9.077960014343262, 125.3657608032227 -9.087710380554199, 125.3739395141602 -9.102529525756836, 125.3608093261719 -9.129819869995117, 125.3456573486328 -9.125100135803223, 125.3313598632812 -9.128089904785156, 125.3174514770508 -9.14363956451416, 125.3168716430664 -9.155940055847168, 125.3524932861328 -9.172690391540527, 125.3450317382812 -9.181369781494141, 125.3458099365234 -9.187689781188965, 125.3392028808594 -9.19517993927002, 125.3356094360352 -9.197910308837891, 125.3269271850586 -9.194809913635254, 125.3214569091797 -9.198349952697754, 125.3196411132812 -9.195159912109375, 125.3034820556641 -9.205269813537598, 125.2859191894531 -9.200810432434082, 125.2785263061523 -9.210740089416504, 125.2672500610352 -9.203900337219238, 125.2510833740234 -9.213489532470703, 125.2460098266602 -9.207429885864258, 125.2409973144531 -9.211700439453125, 125.2263870239258 -9.204739570617676, 125.2279891967773 -9.1910400390625, 125.2319488525391 -9.185830116271973, 125.2253036499023 -9.175459861755371, 125.1951522827148 -9.167880058288574, 125.1843795776367 -9.162240028381348, 125.1792068481445 -9.166239738464355, 125.1764221191406 -9.158069610595703, 125.1792907714844 -9.14684009552002, 125.1706237792969 -9.123410224914551, 125.1728668212891 -9.118849754333496, 125.1792373657227 -9.118499755859375, 125.1732025146484 -9.106019973754883, 125.1779937744141 -9.100419998168945, 125.1801986694336 -9.083900451660156, 125.1872406005859 -9.07371997833252, 125.1840362548828 -9.063309669494629, 125.1885299682617 -9.057109832763672, 125.1889114379883 -9.045760154724121, 125.1842727661133 -9.037079811096191, 125.1864929199219 -9.02925968170166, 125.1485977172852 -8.995710372924805, 125.1351318359375 -8.994660377502441, 125.1299209594727 -8.989720344543457, 125.1288833618164 -8.983010292053223, 125.1217498779297 -8.978139877319336, 125.1205978393555 -8.970100402832031, 125.1118621826172 -8.966730117797852, 125.1042633056641 -8.972649574279785, 125.0984191894531 -8.99884033203125, 125.0766067504883 -9.021769523620605, 125.0676574707031 -9.027939796447754, 125.0578231811523 -9.02715015411377, 125.0525131225586 -9.031820297241211, 125.0385131835938 -9.033220291137695))",125.186756026325,-8.9680839217964
4,DISTRITO DE COVALIMA,COVALIMA,English (Covalima),5,"POLYGON ((125.0958404541016 -9.201809883117676, 125.0995864868164 -9.204870223999023, 125.1027526855469 -9.195560455322266, 125.1056823730469 -9.196260452270508, 125.1163864135742 -9.186479568481445, 125.1321487426758 -9.179470062255859, 125.1335525512695 -9.175069808959961, 125.1489105224609 -9.171449661254883, 125.1747131347656 -9.175450325012207, 125.1839065551758 -9.162199974060059, 125.196403503418 -9.168270111083984, 125.2124328613281 -9.170350074768066, 125.2298278808594 -9.17926025390625, 125.2318725585938 -9.187009811401367, 125.2279891967773 -9.1910400390625, 125.2258071899414 -9.203330039978027, 125.2409973144531 -9.211700439453125, 125.2460098266602 -9.207429885864258, 125.2510833740234 -9.213489532470703, 125.2672500610352 -9.203900337219238, 125.2785263061523 -9.210740089416504, 125.2859191894531 -9.200810432434082, 125.3034820556641 -9.205269813537598, 125.3196411132812 -9.195159912109375, 125.3214569091797 -9.198349952697754, 125.3269271850586 -9.194809913635254, 125.336067199707 -9.197660446166992, 125.3458099365234 -9.187689781188965, 125.3450317382812 -9.181369781494141, 125.3524932861328 -9.172690391540527, 125.3168716430664 -9.155940055847168, 125.3174514770508 -9.14363956451416, 125.3313598632812 -9.128089904785156, 125.3456573486328 -9.125100135803223, 125.3604583740234 -9.130160331726074, 125.3634490966797 -9.126890182495117, 125.3739395141602 -9.102529525756836, 125.3657608032227 -9.087710380554199, 125.372428894043 -9.077960014343262, 125.368408203125 -9.063309669494629, 125.3787689208984 -9.050510406494141, 125.3871917724609 -9.048279762268066, 125.3950729370117 -9.040289878845215, 125.3958129882812 -9.033289909362793, 125.4004821777344 -9.031220436096191, 125.4078979492188 -9.019240379333496, 125.4138565063477 -9.032609939575195, 125.4216232299805 -9.039999961853027, 125.4336395263672 -9.025620460510254, 125.4303131103516 -9.007820129394531, 125.4365005493164 -9.006460189819336, 125.4497833251953 -9.025970458984375, 125.4452133178711 -9.037919998168945, 125.4492568969727 -9.042079925537109, 125.4443435668945 -9.061829566955566, 125.4629135131836 -9.066049575805664, 125.475227355957 -9.077739715576172, 125.4751129150391 -9.088769912719727, 125.4812469482422 -9.106590270996094, 125.4742431640625 -9.127809524536133, 125.4860992431641 -9.131609916687012, 125.4948577880859 -9.138139724731445, 125.4964370727539 -9.143679618835449, 125.5043869018555 -9.141719818115234, 125.5230865478516 -9.146160125732422, 125.5249862670898 -9.155269622802734, 125.5402374267578 -9.161769866943359, 125.5282516479492 -9.191849708557129, 125.5272827148438 -9.212050437927246, 125.529899597168 -9.217519760131836, 125.5254974365234 -9.222180366516113, 125.4978713989258 -9.227849960327148, 125.4566421508789 -9.25177001953125, 125.4328308105469 -9.260809898376465, 125.3987426757812 -9.262570381164551, 125.3760070800781 -9.270950317382812, 125.3378219604492 -9.30111026763916, 125.3075714111328 -9.317449569702148, 125.2946472167969 -9.329150199890137, 125.2784194946289 -9.352120399475098, 125.269416809082 -9.351039886474609, 125.2618789672852 -9.354209899902344, 125.2521133422852 -9.372209548950195, 125.2090530395508 -9.410690307617188, 125.1894302368164 -9.4091796875, 125.1398010253906 -9.419569969177246, 125.114616394043 -9.434140205383301, 125.0895462036133 -9.460399627685547, 125.0855331420898 -9.454460144042969, 125.0877838134766 -9.450869560241699, 125.0794982910156 -9.442130088806152, 125.0818481445312 -9.43097972869873, 125.078987121582 -9.42611026763916, 125.0816497802734 -9.421520233154297, 125.0787887573242 -9.417420387268066, 125.0818023681641 -9.4139404296875, 125.0772399902344 -9.402159690856934, 125.0800399780273 -9.390419960021973, 125.0679626464844 -9.378970146179199, 125.0664520263672 -9.373000144958496, 125.0602035522461 -9.371339797973633, 125.0507888793945 -9.359499931335449, 125.0524063110352 -9.331080436706543, 125.0495986938477 -9.32472038269043, 125.0296173095703 -9.316749572753906, 125.0062789916992 -9.293999671936035, 124.9963989257812 -9.293580055236816, 124.9943313598633 -9.289520263671875, 124.9978866577148 -9.278340339660645, 124.9894104003906 -9.267959594726562, 124.9878234863281 -9.254340171813965, 124.9843902587891 -9.249850273132324, 124.9857788085938 -9.24569034576416, 124.9814224243164 -9.241970062255859, 124.9825668334961 -9.235639572143555, 124.9768218994141 -9.230569839477539, 124.9817504882812 -9.226619720458984, 124.9833679199219 -9.200260162353516, 124.9884033203125 -9.19357967376709, 124.9880905151367 -9.185689926147461, 124.9943313598633 -9.172410011291504, 125.0089569091797 -9.174799919128418, 125.0137710571289 -9.169719696044922, 125.0243835449219 -9.171589851379395, 125.0283203125 -9.169540405273438, 125.0330505371094 -9.17024040222168, 125.0356903076172 -9.174449920654297, 125.0419311523438 -9.174309730529785, 125.0559387207031 -9.169770240783691, 125.0739898681641 -9.175760269165039, 125.0791702270508 -9.188750267028809, 125.0958404541016 -9.201809883117676))",125.245904686894,-9.24395767300616
5,DISTRITO DE DILI,DILI,Tetum (Dili),6,"POLYGON ((125.7143630981445 -8.520219802856445, 125.713752746582 -8.519550323486328, 125.7138824462891 -8.51902961730957, 125.7142028808594 -8.51941967010498, 125.7143630981445 -8.520219802856445))",125.714048037158,-8.51958580621549
6,DISTRITO DE DILI,DILI,Mambae (Aileu),6,"POLYGON ((125.6072769165039 -8.251099586486816, 125.6090393066406 -8.256959915161133, 125.5994033813477 -8.285490036010742, 125.5868530273438 -8.303319931030273, 125.577766418457 -8.308859825134277, 125.5723037719727 -8.305950164794922, 125.560546875 -8.306369781494141, 125.5608291625977 -8.302729606628418, 125.5564270019531 -8.302729606628418, 125.5533676147461 -8.297269821166992, 125.5299530029297 -8.296899795532227, 125.5068664550781 -8.276200294494629, 125.5010833740234 -8.264699935913086, 125.5034866333008 -8.258899688720703, 125.5188827514648 -8.247110366821289, 125.5265426635742 -8.22527027130127, 125.5332565307617 -8.221420288085938, 125.5496673583984 -8.22029972076416, 125.5627517700195 -8.198619842529297, 125.5868835449219 -8.174070358276367, 125.591423034668 -8.161740303039551, 125.6065826416016 -8.150639533996582, 125.6201019287109 -8.131890296936035, 125.6353378295898 -8.127039909362793, 125.6437072753906 -8.164620399475098, 125.6400680541992 -8.164759635925293, 125.6405334472656 -8.17257022857666, 125.6345825195312 -8.181139945983887, 125.632942199707 -8.194239616394043, 125.6171264648438 -8.209259986877441, 125.6097869873047 -8.222430229187012, 125.6069107055664 -8.231860160827637, 125.6072769165039 -8.251099586486816))",125.577538897886,-8.23037151806514
7,DISTRITO DE DILI,DILI,,6,"POLYGON ((125.7239990234375 -8.564089775085449, 125.712043762207 -8.565679550170898, 125.7064971923828 -8.561679840087891, 125.6950607299805 -8.56017017364502, 125.6860961914062 -8.572279930114746, 125.6884536743164 -8.582300186157227, 125.6859512329102 -8.588310241699219, 125.67626953125 -8.587530136108398, 125.6685562133789 -8.582380294799805, 125.6643371582031 -8.577569961547852, 125.6639709472656 -8.569999694824219, 125.6595611572266 -8.57133960723877, 125.6523895263672 -8.586299896240234, 125.6438827514648 -8.593549728393555, 125.6357727050781 -8.591799736022949, 125.6256103515625 -8.58413028717041, 125.6172409057617 -8.583109855651855, 125.6027679443359 -8.589489936828613, 125.6080703735352 -8.599820137023926, 125.5907592773438 -8.604430198669434, 125.5896911621094 -8.609479904174805, 125.5800399780273 -8.619540214538574, 125.5628128051758 -8.627590179443359, 125.5484008789062 -8.621700286865234, 125.5444564819336 -8.62300968170166, 125.5330963134766 -8.614609718322754, 125.5158004760742 -8.612819671630859, 125.5202102661133 -8.592960357666016, 125.5183486938477 -8.584719657897949, 125.5080871582031 -8.580960273742676, 125.5072784423828 -8.575320243835449, 125.4941864013672 -8.562859535217285, 125.4988403320312 -8.555919647216797, 125.5067520141602 -8.557000160217285, 125.5180892944336 -8.546219825744629, 125.5343322753906 -8.537360191345215, 125.5545272827148 -8.546589851379395, 125.5688705444336 -8.548199653625488, 125.5750732421875 -8.553689956665039, 125.5877532958984 -8.547699928283691, 125.6061401367188 -8.54617977142334, 125.6149673461914 -8.535940170288086, 125.614143371582 -8.530119895935059, 125.6096267700195 -8.52908992767334, 125.6082382202148 -8.519120216369629, 125.6142807006836 -8.521889686584473, 125.6207580566406 -8.519180297851562, 125.6234817504883 -8.526390075683594, 125.6362686157227 -8.527950286865234, 125.6461334228516 -8.523960113525391, 125.6663970947266 -8.524749755859375, 125.6803894042969 -8.535030364990234, 125.6888885498047 -8.537139892578125, 125.6943588256836 -8.53262996673584, 125.6975936889648 -8.53495979309082, 125.7064895629883 -8.530320167541504, 125.7177963256836 -8.519129753112793, 125.7256469726562 -8.52711009979248, 125.7319030761719 -8.521080017089844, 125.7435531616211 -8.523240089416504, 125.7511978149414 -8.521160125732422, 125.7595291137695 -8.511859893798828, 125.7745590209961 -8.506819725036621, 125.7789535522461 -8.508560180664062, 125.7802124023438 -8.505109786987305, 125.7886962890625 -8.502309799194336, 125.8075408935547 -8.503219604492188, 125.8195266723633 -8.490889549255371, 125.8286972045898 -8.490690231323242, 125.8351364135742 -8.485360145568848, 125.8614273071289 -8.509280204772949, 125.8572769165039 -8.515210151672363, 125.8586273193359 -8.522760391235352, 125.8547973632812 -8.523139953613281, 125.8550796508789 -8.526960372924805, 125.847412109375 -8.532879829406738, 125.8441772460938 -8.529520034790039, 125.8377532958984 -8.540670394897461, 125.8290176391602 -8.53419017791748, 125.8273773193359 -8.540160179138184, 125.8234176635742 -8.536660194396973, 125.800422668457 -8.547499656677246, 125.7827682495117 -8.540450096130371, 125.7809524536133 -8.555330276489258, 125.7739334106445 -8.568889617919922, 125.7663726806641 -8.571220397949219, 125.75390625 -8.564220428466797, 125.7410430908203 -8.567520141601562, 125.7356872558594 -8.564350128173828, 125.7239990234375 -8.564089775085449))",125.664047366432,-8.55535148667731
8,DISTRITO DE ERMERA,ERMERA,,7,"POLYGON ((125.3729095458984 -8.986490249633789, 125.3576507568359 -8.995770454406738, 125.3443298339844 -8.993570327758789, 125.3435897827148 -8.982600212097168, 125.3383331298828 -8.970250129699707, 125.3272094726562 -8.962550163269043, 125.3271865844727 -8.955380439758301, 125.3203506469727 -8.954859733581543, 125.3222122192383 -8.948240280151367, 125.3155136108398 -8.945560455322266, 125.328239440918 -8.925129890441895, 125.3142623901367 -8.91096019744873, 125.3137664794922 -8.898690223693848, 125.3050765991211 -8.897210121154785, 125.2940673828125 -8.886139869689941, 125.2943496704102 -8.86674976348877, 125.2819671630859 -8.847929954528809, 125.2803115844727 -8.82528018951416, 125.2676773071289 -8.802969932556152, 125.2423706054688 -8.776800155639648, 125.2192916870117 -8.765449523925781, 125.2006072998047 -8.766670227050781, 125.1906967163086 -8.753990173339844, 125.1978378295898 -8.745639801025391, 125.2175064086914 -8.73585033416748, 125.2237014770508 -8.736880302429199, 125.2307662963867 -8.732850074768066, 125.2494506835938 -8.734020233154297, 125.2629165649414 -8.725870132446289, 125.2748107910156 -8.722960472106934, 125.2864837646484 -8.715920448303223, 125.2918701171875 -8.707900047302246, 125.3003768920898 -8.704569816589355, 125.3070373535156 -8.706020355224609, 125.3115463256836 -8.695329666137695, 125.316162109375 -8.696330070495605, 125.3159866333008 -8.692119598388672, 125.3218002319336 -8.694919586181641, 125.3188400268555 -8.697959899902344, 125.3218994140625 -8.699680328369141, 125.3307495117188 -8.696100234985352, 125.3350830078125 -8.697850227355957, 125.3366775512695 -8.695010185241699, 125.3376388549805 -8.699749946594238, 125.3435974121094 -8.697239875793457, 125.3486328125 -8.704350471496582, 125.3578186035156 -8.704400062561035, 125.3580322265625 -8.699959754943848, 125.3655090332031 -8.704509735107422, 125.373649597168 -8.694270133972168, 125.3800811767578 -8.691180229187012, 125.397216796875 -8.690139770507812, 125.3988876342773 -8.673430442810059, 125.4023513793945 -8.668519973754883, 125.4104614257812 -8.672869682312012, 125.4228820800781 -8.667389869689941, 125.4473495483398 -8.645350456237793, 125.4551467895508 -8.649250030517578, 125.4595489501953 -8.645330429077148, 125.4618530273438 -8.649470329284668, 125.4638214111328 -8.645259857177734, 125.4672393798828 -8.647310256958008, 125.4732666015625 -8.642600059509277, 125.4851989746094 -8.644040107727051, 125.4927978515625 -8.639260292053223, 125.4994735717773 -8.641229629516602, 125.5033874511719 -8.638270378112793, 125.5216598510742 -8.64700984954834, 125.5303573608398 -8.668789863586426, 125.5349273681641 -8.670700073242188, 125.5354232788086 -8.677760124206543, 125.526237487793 -8.693349838256836, 125.5102005004883 -8.707850456237793, 125.4970932006836 -8.710140228271484, 125.4881362915039 -8.703140258789062, 125.483757019043 -8.72367000579834, 125.464599609375 -8.72052001953125, 125.4544677734375 -8.723299980163574, 125.4590301513672 -8.729900360107422, 125.4651870727539 -8.729869842529297, 125.4765319824219 -8.73777961730957, 125.4739303588867 -8.74254035949707, 125.4764633178711 -8.745100021362305, 125.4698867797852 -8.755629539489746, 125.4713363647461 -8.762249946594238, 125.4643936157227 -8.765410423278809, 125.4618530273438 -8.773159980773926, 125.4542236328125 -8.78069019317627, 125.4597091674805 -8.786109924316406, 125.463996887207 -8.80204963684082, 125.4680328369141 -8.798290252685547, 125.479736328125 -8.799799919128418, 125.4945831298828 -8.823450088500977, 125.4974822998047 -8.850700378417969, 125.5080871582031 -8.848380088806152, 125.5098114013672 -8.854379653930664, 125.5210113525391 -8.865610122680664, 125.5218887329102 -8.874250411987305, 125.5046234130859 -8.883090019226074, 125.5033874511719 -8.890130043029785, 125.4924468994141 -8.896980285644531, 125.4945602416992 -8.911290168762207, 125.4919204711914 -8.916769981384277, 125.4810028076172 -8.922410011291504, 125.4808731079102 -8.929920196533203, 125.4729766845703 -8.936160087585449, 125.4731826782227 -8.939040184020996, 125.4673461914062 -8.938839912414551, 125.4602203369141 -8.943880081176758, 125.4523010253906 -8.954070091247559, 125.4568328857422 -8.964389801025391, 125.4511795043945 -8.970339775085449, 125.4502563476562 -8.976300239562988, 125.4305725097656 -8.985190391540527, 125.4147720336914 -8.978059768676758, 125.3729095458984 -8.986490249633789))",125.388076966742,-8.812627249023
9,DISTRITO DE LAUTEM,LAUTEM,Idate (Manatuto),9,"POLYGON ((127.3285827636719 -8.447970390319824, 127.3195190429688 -8.445389747619629, 127.3095779418945 -8.435979843139648, 127.3090667724609 -8.417030334472656, 127.316291809082 -8.411990165710449, 127.3236083984375 -8.411479949951172, 127.3318481445312 -8.415579795837402, 127.3413314819336 -8.430239677429199, 127.3413162231445 -8.440250396728516, 127.3285827636719 -8.447970390319824))",127.324481349164,-8.4295884747738
10,DISTRITO DE LAUTEM,LAUTEM,,9,"POLYGON ((126.7364120483398 -8.758749961853027, 126.7338027954102 -8.758310317993164, 126.73291015625 -8.757010459899902, 126.7356414794922 -8.755949974060059, 126.7364120483398 -8.758749961853027))",126.734827549895,-8.75744263541882
11,DISTRITO DE LAUTEM,LAUTEM,,9,"POLYGON ((126.6955871582031 -8.42516040802002, 126.7309036254883 -8.402779579162598, 126.7365570068359 -8.403570175170898, 126.7451705932617 -8.413880348205566, 126.7579803466797 -8.42080020904541, 126.7660903930664 -8.422419548034668, 126.7853927612305 -8.418160438537598, 126.7988662719727 -8.406999588012695, 126.8116226196289 -8.406160354614258, 126.8273468017578 -8.40038013458252, 126.8801574707031 -8.370269775390625, 126.8885192871094 -8.37028980255127, 126.9352188110352 -8.337470054626465, 126.9611206054688 -8.326689720153809, 127.0010986328125 -8.322059631347656, 127.0252532958984 -8.339189529418945, 127.0317687988281 -8.341309547424316, 127.0353088378906 -8.338970184326172, 127.047233581543 -8.343560218811035, 127.0633926391602 -8.363630294799805, 127.1047134399414 -8.367600440979004, 127.1360015869141 -8.365480422973633, 127.1523666381836 -8.357439994812012, 127.1610870361328 -8.346940040588379, 127.179443359375 -8.334360122680664, 127.1958312988281 -8.335709571838379, 127.2085189819336 -8.353910446166992, 127.2328262329102 -8.378689765930176, 127.2421188354492 -8.378660202026367, 127.2551727294922 -8.385459899902344, 127.2651977539062 -8.384249687194824, 127.2953033447266 -8.39091968536377, 127.2983093261719 -8.394900321960449, 127.3019866943359 -8.420499801635742, 127.3000030517578 -8.431859970092773, 127.276252746582 -8.440299987792969, 127.269287109375 -8.447680473327637, 127.2640533447266 -8.460149765014648, 127.249870300293 -8.471710205078125, 127.2295989990234 -8.479419708251953, 127.224983215332 -8.487930297851562, 127.2141494750977 -8.494649887084961, 127.2065277099609 -8.509860038757324, 127.1934280395508 -8.520959854125977, 127.1727676391602 -8.533040046691895, 127.1659164428711 -8.540570259094238, 127.1571807861328 -8.542240142822266, 127.1321029663086 -8.558460235595703, 127.1283569335938 -8.564249992370605, 127.1069564819336 -8.578660011291504, 127.0872497558594 -8.597020149230957, 127.0491485595703 -8.645150184631348, 127.0256195068359 -8.665289878845215, 127.0137634277344 -8.68451976776123, 126.9769668579102 -8.678890228271484, 126.9562377929688 -8.682459831237793, 126.9347534179688 -8.692740440368652, 126.9167785644531 -8.709560394287109, 126.9063034057617 -8.710749626159668, 126.8916931152344 -8.718339920043945, 126.8658065795898 -8.743040084838867, 126.8493423461914 -8.752200126647949, 126.8206634521484 -8.760140419006348, 126.8029174804688 -8.754199981689453, 126.7944564819336 -8.755760192871094, 126.783576965332 -8.753080368041992, 126.7749328613281 -8.747079849243164, 126.7583465576172 -8.747980117797852, 126.7392883300781 -8.758049964904785, 126.7332000732422 -8.755319595336914, 126.7375183105469 -8.731869697570801, 126.731086730957 -8.72996997833252, 126.7345123291016 -8.72288990020752, 126.7279663085938 -8.714900016784668, 126.7291412353516 -8.688949584960938, 126.7355575561523 -8.688130378723145, 126.7408294677734 -8.681779861450195, 126.7541580200195 -8.658639907836914, 126.7643508911133 -8.657540321350098, 126.7654113769531 -8.648189544677734, 126.7741317749023 -8.641139984130859, 126.7809600830078 -8.628809928894043, 126.7920532226562 -8.623920440673828, 126.8098068237305 -8.623279571533203, 126.8080596923828 -8.617819786071777, 126.8117904663086 -8.614620208740234, 126.8078231811523 -8.600130081176758, 126.8040313720703 -8.600689888000488, 126.7963562011719 -8.589389801025391, 126.785026550293 -8.583660125732422, 126.7820281982422 -8.567720413208008, 126.7575073242188 -8.555109977722168, 126.7476501464844 -8.533080101013184, 126.7225723266602 -8.521739959716797, 126.7231216430664 -8.504949569702148, 126.7302932739258 -8.503350257873535, 126.7331924438477 -8.496580123901367, 126.7412033081055 -8.497320175170898, 126.7455902099609 -8.493149757385254, 126.7401428222656 -8.493760108947754, 126.7361221313477 -8.489170074462891, 126.7162170410156 -8.481719970703125, 126.7075271606445 -8.460370063781738, 126.7067565917969 -8.444910049438477, 126.6971130371094 -8.434989929199219, 126.6955871582031 -8.42516040802002))",126.965417316531,-8.5150335035663
12,DISTRITO DE LIQUICA,LIQUICA,,8,"POLYGON ((125.3850708007812 -8.566929817199707, 125.4174118041992 -8.561829566955566, 125.4467010498047 -8.571709632873535, 125.4502868652344 -8.567319869995117, 125.4514617919922 -8.571649551391602, 125.4710235595703 -8.567740440368652, 125.4725494384766 -8.57388973236084, 125.4786071777344 -8.574830055236816, 125.4870300292969 -8.564959526062012, 125.480827331543 -8.557169914245605, 125.4988403320312 -8.555919647216797, 125.4941864013672 -8.562859535217285, 125.5072784423828 -8.575320243835449, 125.5080871582031 -8.580960273742676, 125.5179901123047 -8.584250450134277, 125.519287109375 -8.587369918823242, 125.5156173706055 -8.612520217895508, 125.5275802612305 -8.614049911499023, 125.5140075683594 -8.624839782714844, 125.5137405395508 -8.635129928588867, 125.50390625 -8.635390281677246, 125.5004806518555 -8.64093017578125, 125.4927978515625 -8.639260292053223, 125.4851989746094 -8.644040107727051, 125.4732666015625 -8.642600059509277, 125.4672393798828 -8.647310256958008, 125.4638214111328 -8.645259857177734, 125.4618530273438 -8.649470329284668, 125.4595489501953 -8.645330429077148, 125.4551467895508 -8.649250030517578, 125.4473495483398 -8.645350456237793, 125.4228820800781 -8.667389869689941, 125.4104614257812 -8.672869682312012, 125.4023513793945 -8.668519973754883, 125.3988876342773 -8.673430442810059, 125.397216796875 -8.690139770507812, 125.3800811767578 -8.691180229187012, 125.373649597168 -8.694270133972168, 125.3655090332031 -8.704509735107422, 125.3580322265625 -8.699959754943848, 125.3578186035156 -8.704400062561035, 125.3486328125 -8.704350471496582, 125.3435974121094 -8.697239875793457, 125.3376388549805 -8.699749946594238, 125.3366775512695 -8.695010185241699, 125.3350830078125 -8.697850227355957, 125.3307495117188 -8.696100234985352, 125.3218994140625 -8.699680328369141, 125.3188400268555 -8.697959899902344, 125.3218002319336 -8.694919586181641, 125.3161773681641 -8.692060470581055, 125.316162109375 -8.696330070495605, 125.3115463256836 -8.695329666137695, 125.3070373535156 -8.706020355224609, 125.3003768920898 -8.704569816589355, 125.2918701171875 -8.707900047302246, 125.2864837646484 -8.715920448303223, 125.2748107910156 -8.722960472106934, 125.2629165649414 -8.725870132446289, 125.2494506835938 -8.734020233154297, 125.2307662963867 -8.732850074768066, 125.2237014770508 -8.736880302429199, 125.2175064086914 -8.73585033416748, 125.1978378295898 -8.745639801025391, 125.1906967163086 -8.753990173339844, 125.1806564331055 -8.747900009155273, 125.1707305908203 -8.75298023223877, 125.1464614868164 -8.751299858093262, 125.1205062866211 -8.737319946289062, 125.1035385131836 -8.738240242004395, 125.0908737182617 -8.734809875488281, 125.0959014892578 -8.728850364685059, 125.1005935668945 -8.710740089416504, 125.0978164672852 -8.68966007232666, 125.1068267822266 -8.677949905395508, 125.1093673706055 -8.665969848632812, 125.1233062744141 -8.639610290527344, 125.138671875 -8.636329650878906, 125.1723403930664 -8.618940353393555, 125.2107315063477 -8.606100082397461, 125.2966918945312 -8.602470397949219, 125.3092803955078 -8.589710235595703, 125.3253173828125 -8.591659545898438, 125.3311233520508 -8.584670066833496, 125.3688812255859 -8.576359748840332, 125.3850708007812 -8.566929817199707))",125.295554152134,-8.65285562706035
13,DISTRITO DE MANATUTO,MANATUTO,,11,"POLYGON ((125.8900299072266 -8.477709770202637, 125.9022903442383 -8.475139617919922, 125.9245681762695 -8.480440139770508, 125.940559387207 -8.4764404296875, 125.9505233764648 -8.479040145874023, 125.9584808349609 -8.485580444335938, 125.9738693237305 -8.48799991607666, 125.9800872802734 -8.484889984130859, 126.019287109375 -8.511489868164062, 126.0410766601562 -8.511580467224121, 126.050537109375 -8.516539573669434, 126.0643081665039 -8.513199806213379, 126.0675964355469 -8.514789581298828, 126.0691528320312 -8.523340225219727, 126.0743865966797 -8.517640113830566, 126.0933532714844 -8.519399642944336, 126.100456237793 -8.512040138244629, 126.1125183105469 -8.509799957275391, 126.121452331543 -8.504130363464355, 126.1279220581055 -8.503499984741211, 126.1358871459961 -8.50763988494873, 126.1440277099609 -8.501569747924805, 126.1558074951172 -8.500490188598633, 126.1610336303711 -8.495499610900879, 126.1654663085938 -8.509599685668945, 126.185920715332 -8.527939796447754, 126.1823577880859 -8.530830383300781, 126.1830215454102 -8.538220405578613, 126.1795272827148 -8.540349960327148, 126.1827774047852 -8.541330337524414, 126.1811828613281 -8.548709869384766, 126.184700012207 -8.552550315856934, 126.1862030029297 -8.56836986541748, 126.1893768310547 -8.57349967956543, 126.1924514770508 -8.571619987487793, 126.1969528198242 -8.579669952392578, 126.1917572021484 -8.599610328674316, 126.1965713500977 -8.606200218200684, 126.1908874511719 -8.611709594726562, 126.1956024169922 -8.620109558105469, 126.1941680908203 -8.630149841308594, 126.1807708740234 -8.643150329589844, 126.1772918701172 -8.650710105895996, 126.1552734375 -8.663479804992676, 126.1501770019531 -8.673259735107422, 126.1429214477539 -8.667300224304199, 126.1320724487305 -8.670089721679688, 126.1263122558594 -8.666709899902344, 126.116096496582 -8.671070098876953, 126.1118698120117 -8.669159889221191, 126.1123275756836 -8.67240047454834, 126.1078872680664 -8.673870086669922, 126.095703125 -8.694009780883789, 126.0990829467773 -8.702509880065918, 126.0945816040039 -8.70773983001709, 126.0979995727539 -8.719389915466309, 126.0906372070312 -8.72605037689209, 126.0901412963867 -8.732390403747559, 126.0778884887695 -8.746060371398926, 126.0710525512695 -8.746159553527832, 126.0622634887695 -8.757519721984863, 126.0485229492188 -8.760629653930664, 126.0517196655273 -8.767490386962891, 126.046272277832 -8.776559829711914, 126.0517196655273 -8.78816032409668, 126.0478363037109 -8.796150207519531, 126.0735931396484 -8.818249702453613, 126.0771865844727 -8.837070465087891, 126.0889434814453 -8.841050148010254, 126.0955505371094 -8.84829044342041, 126.0881576538086 -8.863320350646973, 126.0914688110352 -8.872139930725098, 126.0837173461914 -8.882740020751953, 126.0876998901367 -8.884759902954102, 126.087516784668 -8.889289855957031, 126.0912628173828 -8.890749931335449, 126.0987167358398 -8.906999588012695, 126.1047897338867 -8.94163990020752, 126.1220932006836 -8.952770233154297, 126.1264572143555 -8.951709747314453, 126.1308364868164 -8.961319923400879, 126.1375427246094 -8.961919784545898, 126.1412124633789 -8.96852970123291, 126.14453125 -8.968859672546387, 126.1435317993164 -8.983699798583984, 126.1489028930664 -8.984430313110352, 126.1524124145508 -8.991040229797363, 126.1338272094727 -8.998649597167969, 126.1071090698242 -9.016019821166992, 126.0894622802734 -9.030170440673828, 126.0642929077148 -9.057290077209473, 126.0584869384766 -9.050459861755371, 126.0574111938477 -9.042070388793945, 126.0539932250977 -9.041769981384277, 126.0547180175781 -9.035699844360352, 126.0493316650391 -9.033329963684082, 126.0428466796875 -9.015979766845703, 126.0348434448242 -9.014860153198242, 126.0258483886719 -8.997730255126953, 126.0161437988281 -8.990699768066406, 126.0109329223633 -8.99170970916748, 125.9984283447266 -8.986160278320312, 125.9795303344727 -8.970720291137695, 125.9564590454102 -8.960769653320312, 125.9471817016602 -8.95110034942627, 125.9437713623047 -8.938260078430176, 125.9367065429688 -8.938130378723145, 125.9370269775391 -8.933130264282227, 125.92822265625 -8.924389839172363, 125.9343566894531 -8.91215991973877, 125.931022644043 -8.908180236816406, 125.8950271606445 -8.88737964630127, 125.8877410888672 -8.888270378112793, 125.8778533935547 -8.883600234985352, 125.8685684204102 -8.884920120239258, 125.8410873413086 -8.877590179443359, 125.8358764648438 -8.882329940795898, 125.8308868408203 -8.881219863891602, 125.828239440918 -8.877289772033691, 125.8307418823242 -8.872949600219727, 125.8283996582031 -8.872550010681152, 125.8307266235352 -8.868889808654785, 125.8286666870117 -8.860130310058594, 125.8067321777344 -8.836469650268555, 125.8087768554688 -8.826210021972656, 125.8041534423828 -8.823559761047363, 125.800163269043 -8.81488037109375, 125.8084716796875 -8.805509567260742, 125.8200378417969 -8.780159950256348, 125.8137893676758 -8.778499603271484, 125.8145904541016 -8.767860412597656, 125.8210220336914 -8.757780075073242, 125.819206237793 -8.748189926147461, 125.8107070922852 -8.753689765930176, 125.8053588867188 -8.745240211486816, 125.8075790405273 -8.736760139465332, 125.8177108764648 -8.729550361633301, 125.8102264404297 -8.713379859924316, 125.8135375976562 -8.681679725646973, 125.8089065551758 -8.677430152893066, 125.796501159668 -8.674869537353516, 125.7917785644531 -8.665599822998047, 125.7884216308594 -8.664669990539551, 125.7867431640625 -8.652910232543945, 125.7890167236328 -8.649089813232422, 125.7807769775391 -8.648579597473145, 125.7778472900391 -8.639249801635742, 125.7740631103516 -8.636599540710449, 125.777229309082 -8.623539924621582, 125.7702713012695 -8.620880126953125, 125.766357421875 -8.611740112304688, 125.7586975097656 -8.605119705200195, 125.7597808837891 -8.600090026855469, 125.767936706543 -8.595800399780273, 125.7706527709961 -8.587400436401367, 125.7663726806641 -8.571220397949219, 125.7751007080078 -8.567580223083496, 125.7809524536133 -8.555330276489258, 125.7827682495117 -8.540450096130371, 125.800422668457 -8.547499656677246, 125.8234176635742 -8.536660194396973, 125.8273773193359 -8.540160179138184, 125.8290176391602 -8.53419017791748, 125.8377532958984 -8.540670394897461, 125.8441772460938 -8.529520034790039, 125.847412109375 -8.532879829406738, 125.8550796508789 -8.526960372924805, 125.8547973632812 -8.523139953613281, 125.8586273193359 -8.522760391235352, 125.8572769165039 -8.515210151672363, 125.8614273071289 -8.509280204772949, 125.8351364135742 -8.485360145568848, 125.8429870605469 -8.478580474853516, 125.8512268066406 -8.474399566650391, 125.8900299072266 -8.477709770202637))",125.976599605196,-8.71339290481898
14,DISTRITO DE MANUFAHI,MANUFAHI,,10,"POLYGON ((125.8192291259766 -8.851169586181641, 125.8286666870117 -8.860130310058594, 125.8307266235352 -8.868889808654785, 125.8283996582031 -8.872550010681152, 125.8307418823242 -8.872949600219727, 125.828239440918 -8.877289772033691, 125.8308868408203 -8.881219863891602, 125.8358764648438 -8.882329940795898, 125.8410873413086 -8.877590179443359, 125.8685684204102 -8.884920120239258, 125.8778533935547 -8.883600234985352, 125.8877410888672 -8.888270378112793, 125.8950271606445 -8.88737964630127, 125.931022644043 -8.908180236816406, 125.9343566894531 -8.91215991973877, 125.92822265625 -8.924389839172363, 125.9370269775391 -8.933130264282227, 125.9367065429688 -8.938130378723145, 125.9437713623047 -8.938260078430176, 125.9471817016602 -8.95110034942627, 125.9564590454102 -8.960769653320312, 125.9795303344727 -8.970720291137695, 125.9984283447266 -8.986160278320312, 126.0109329223633 -8.99170970916748, 126.0161437988281 -8.990699768066406, 126.0258483886719 -8.997730255126953, 126.0348434448242 -9.014860153198242, 126.0428466796875 -9.015979766845703, 126.0493316650391 -9.033329963684082, 126.0547180175781 -9.035699844360352, 126.0539932250977 -9.041769981384277, 126.0574111938477 -9.042070388793945, 126.0584869384766 -9.050459861755371, 126.0642929077148 -9.057290077209473, 126.0308380126953 -9.072460174560547, 125.9857482910156 -9.109169960021973, 125.9417037963867 -9.133219718933105, 125.9067230224609 -9.133660316467285, 125.8654937744141 -9.124549865722656, 125.8494567871094 -9.123959541320801, 125.8287124633789 -9.136340141296387, 125.8239135742188 -9.146249771118164, 125.8168869018555 -9.151009559631348, 125.8078536987305 -9.145930290222168, 125.7953872680664 -9.145790100097656, 125.7807235717773 -9.152739524841309, 125.7711563110352 -9.15371036529541, 125.7670593261719 -9.159850120544434, 125.7545928955078 -9.166000366210938, 125.7483291625977 -9.167140007019043, 125.7397232055664 -9.163700103759766, 125.7286071777344 -9.166410446166992, 125.7006988525391 -9.194219589233398, 125.691520690918 -9.179100036621094, 125.67529296875 -9.169960021972656, 125.6672286987305 -9.135100364685059, 125.6723937988281 -9.12067985534668, 125.6892929077148 -9.116049766540527, 125.6911773681641 -9.093709945678711, 125.686653137207 -9.091320037841797, 125.6838607788086 -9.083559989929199, 125.6738662719727 -9.079230308532715, 125.6700668334961 -9.072790145874023, 125.6523666381836 -9.075200080871582, 125.6434936523438 -9.06721019744873, 125.6343612670898 -9.068499565124512, 125.6332168579102 -9.06427001953125, 125.6281433105469 -9.064940452575684, 125.6278228759766 -9.05620002746582, 125.608757019043 -9.051070213317871, 125.595817565918 -9.041560173034668, 125.5932693481445 -9.01576042175293, 125.5860290527344 -9.010040283203125, 125.5943984985352 -8.98058032989502, 125.5938186645508 -8.961640357971191, 125.5974578857422 -8.953149795532227, 125.6080703735352 -8.946539878845215, 125.6076965332031 -8.939729690551758, 125.6178665161133 -8.934399604797363, 125.6126937866211 -8.928290367126465, 125.6218338012695 -8.923689842224121, 125.622673034668 -8.914719581604004, 125.6324005126953 -8.914959907531738, 125.6472930908203 -8.921219825744629, 125.6508483886719 -8.919260025024414, 125.6604614257812 -8.896969795227051, 125.6666564941406 -8.896200180053711, 125.6767501831055 -8.902549743652344, 125.6820907592773 -8.898810386657715, 125.6873168945312 -8.889120101928711, 125.6857223510742 -8.879440307617188, 125.6902465820312 -8.869000434875488, 125.6839294433594 -8.866999626159668, 125.6857070922852 -8.851539611816406, 125.6900177001953 -8.84904956817627, 125.6827011108398 -8.846400260925293, 125.6888885498047 -8.840869903564453, 125.683349609375 -8.837619781494141, 125.685432434082 -8.828189849853516, 125.6801834106445 -8.819239616394043, 125.6849975585938 -8.813830375671387, 125.6827163696289 -8.809359550476074, 125.6891479492188 -8.798769950866699, 125.6984024047852 -8.79619026184082, 125.7084274291992 -8.786279678344727, 125.7233200073242 -8.78262996673584, 125.7376937866211 -8.786720275878906, 125.7535400390625 -8.772049903869629, 125.75390625 -8.761770248413086, 125.7578125 -8.763270378112793, 125.7595520019531 -8.758620262145996, 125.7636413574219 -8.759610176086426, 125.7681121826172 -8.754630088806152, 125.7713928222656 -8.74701976776123, 125.7693328857422 -8.739580154418945, 125.7782592773438 -8.739299774169922, 125.7853164672852 -8.744620323181152, 125.7885589599609 -8.742730140686035, 125.7987213134766 -8.749710083007812, 125.8053588867188 -8.745240211486816, 125.8107070922852 -8.753689765930176, 125.819206237793 -8.748189926147461, 125.8210220336914 -8.757780075073242, 125.8145904541016 -8.767860412597656, 125.8137893676758 -8.778499603271484, 125.8200378417969 -8.780159950256348, 125.8084716796875 -8.805509567260742, 125.800163269043 -8.81488037109375, 125.8041534423828 -8.823559761047363, 125.8087768554688 -8.826210021972656, 125.8067321777344 -8.836469650268555, 125.8192291259766 -8.851169586181641))",125.799947538521,-8.99192197319471
15,DISTRITO DE OECUSSI,OECUSSI,,12,"POLYGON ((124.4063262939453 -9.178759574890137, 124.4122009277344 -9.173130035400391, 124.4269790649414 -9.167530059814453, 124.4483795166016 -9.166919708251953, 124.4697723388672 -9.172100067138672, 124.4778594970703 -9.175629615783691, 124.4794464111328 -9.195579528808594, 124.4826889038086 -9.198390007019043, 124.4685668945312 -9.20814037322998, 124.4670562744141 -9.238710403442383, 124.4645233154297 -9.242870330810547, 124.4661407470703 -9.24977970123291, 124.4623794555664 -9.25, 124.454460144043 -9.267569541931152, 124.455078125 -9.282609939575195, 124.4619903564453 -9.293660163879395, 124.4605331420898 -9.303009986877441, 124.4542999267578 -9.308560371398926, 124.4467086791992 -9.306449890136719, 124.4401168823242 -9.314640045166016, 124.4384231567383 -9.333660125732422, 124.4269027709961 -9.331839561462402, 124.4218521118164 -9.335709571838379, 124.4091720581055 -9.337100028991699, 124.4035873413086 -9.339900016784668, 124.4010925292969 -9.352080345153809, 124.3896865844727 -9.360610008239746, 124.3798904418945 -9.356880187988281, 124.378303527832 -9.370550155639648, 124.3740768432617 -9.376720428466797, 124.3791427612305 -9.380760192871094, 124.3803329467773 -9.396639823913574, 124.3724212646484 -9.40116024017334, 124.3772583007812 -9.403750419616699, 124.3679428100586 -9.408459663391113, 124.3623275756836 -9.419429779052734, 124.3512725830078 -9.427200317382812, 124.3506164550781 -9.438229560852051, 124.3612670898438 -9.445850372314453, 124.3651962280273 -9.459369659423828, 124.3564834594727 -9.464150428771973, 124.3565826416016 -9.47467041015625, 124.3517837524414 -9.485139846801758, 124.3421630859375 -9.482819557189941, 124.316162109375 -9.495770454406738, 124.3025817871094 -9.49446964263916, 124.2955017089844 -9.502389907836914, 124.2783584594727 -9.503230094909668, 124.2793731689453 -9.488940238952637, 124.2881469726562 -9.472990036010742, 124.2834930419922 -9.458020210266113, 124.2870483398438 -9.451279640197754, 124.2740707397461 -9.433770179748535, 124.2764434814453 -9.428999900817871, 124.2715911865234 -9.412429809570312, 124.2677764892578 -9.412440299987793, 124.2609329223633 -9.395810127258301, 124.2522430419922 -9.393119812011719, 124.2436828613281 -9.383000373840332, 124.2388610839844 -9.381629943847656, 124.2350921630859 -9.374199867248535, 124.2306289672852 -9.375949859619141, 124.2165985107422 -9.365619659423828, 124.2048034667969 -9.37067985534668, 124.2031097412109 -9.377840042114258, 124.1921768188477 -9.377849578857422, 124.1854934692383 -9.387419700622559, 124.1678466796875 -9.394530296325684, 124.1719207763672 -9.400259971618652, 124.1609115600586 -9.412670135498047, 124.1611404418945 -9.419899940490723, 124.1498870849609 -9.421629905700684, 124.1493835449219 -9.427020072937012, 124.1447296142578 -9.423959732055664, 124.134521484375 -9.426569938659668, 124.1200637817383 -9.406820297241211, 124.1163635253906 -9.410019874572754, 124.1125335693359 -9.406530380249023, 124.1104736328125 -9.410129547119141, 124.0975875854492 -9.408379554748535, 124.0646133422852 -9.361169815063477, 124.0492095947266 -9.3502197265625, 124.0450592041016 -9.343859672546387, 124.0449371337891 -9.336219787597656, 124.0525970458984 -9.332440376281738, 124.0626831054688 -9.332900047302246, 124.0737915039062 -9.32466983795166, 124.0843276977539 -9.327389717102051, 124.0960464477539 -9.324239730834961, 124.1103210449219 -9.310689926147461, 124.1290130615234 -9.306610107421875, 124.136962890625 -9.297189712524414, 124.155632019043 -9.295740127563477, 124.1636734008789 -9.29071044921875, 124.1731033325195 -9.278329849243164, 124.1861267089844 -9.249899864196777, 124.2043533325195 -9.244029998779297, 124.2138595581055 -9.244649887084961, 124.2232666015625 -9.237509727478027, 124.2543182373047 -9.236519813537598, 124.2620468139648 -9.226059913635254, 124.2998580932617 -9.212770462036133, 124.3093566894531 -9.199090003967285, 124.3185882568359 -9.200599670410156, 124.3433837890625 -9.195679664611816, 124.3690338134766 -9.198619842529297, 124.3849029541016 -9.193059921264648, 124.390983581543 -9.187450408935547, 124.3976516723633 -9.188139915466309, 124.4063262939453 -9.178759574890137))",124.291277462647,-9.3185833327371
16,DISTRITO DE VIQUEQUE,VIQUEQUE,,13,"POLYGON ((126.7114868164062 -8.649259567260742, 126.7286071777344 -8.664549827575684, 126.7291030883789 -8.67350959777832, 126.734016418457 -8.678919792175293, 126.7269134521484 -8.700619697570801, 126.7294921875 -8.703020095825195, 126.7280731201172 -8.715250015258789, 126.7345123291016 -8.72288990020752, 126.731086730957 -8.72996997833252, 126.7375183105469 -8.731869697570801, 126.7334518432617 -8.756429672241211, 126.7124328613281 -8.756509780883789, 126.6723785400391 -8.765190124511719, 126.6385803222656 -8.783040046691895, 126.616943359375 -8.802249908447266, 126.5950927734375 -8.799229621887207, 126.5866928100586 -8.802149772644043, 126.5433807373047 -8.849109649658203, 126.5113220214844 -8.897489547729492, 126.4959335327148 -8.931280136108398, 126.4780731201172 -8.947440147399902, 126.4562377929688 -8.951629638671875, 126.4490737915039 -8.947090148925781, 126.4086532592773 -8.947279930114746, 126.3524627685547 -8.963379859924316, 126.3037185668945 -8.98213005065918, 126.2854080200195 -8.983180046081543, 126.2471084594727 -8.976590156555176, 126.1981430053711 -8.974900245666504, 126.1836090087891 -8.977840423583984, 126.1524124145508 -8.991040229797363, 126.1489028930664 -8.984430313110352, 126.1435317993164 -8.983699798583984, 126.14453125 -8.968859672546387, 126.1412124633789 -8.96852970123291, 126.1375427246094 -8.961919784545898, 126.1308364868164 -8.961319923400879, 126.1264572143555 -8.951709747314453, 126.1220932006836 -8.952770233154297, 126.1183776855469 -8.948269844055176, 126.1054534912109 -8.94303035736084, 126.0987167358398 -8.906999588012695, 126.0912628173828 -8.890749931335449, 126.087516784668 -8.889289855957031, 126.0876998901367 -8.884759902954102, 126.0837173461914 -8.882740020751953, 126.0914688110352 -8.872139930725098, 126.0881576538086 -8.863320350646973, 126.0955505371094 -8.84829044342041, 126.0889434814453 -8.841050148010254, 126.0771865844727 -8.837070465087891, 126.0735931396484 -8.818249702453613, 126.0478363037109 -8.796150207519531, 126.0517196655273 -8.78816032409668, 126.046272277832 -8.776559829711914, 126.0517196655273 -8.767490386962891, 126.0485229492188 -8.760629653930664, 126.0622634887695 -8.757519721984863, 126.0710525512695 -8.746159553527832, 126.0778884887695 -8.746060371398926, 126.0901412963867 -8.732390403747559, 126.0906372070312 -8.72605037689209, 126.0979995727539 -8.719389915466309, 126.0945816040039 -8.70773983001709, 126.0990829467773 -8.702509880065918, 126.095703125 -8.694009780883789, 126.1078872680664 -8.673870086669922, 126.1123275756836 -8.67240047454834, 126.1120834350586 -8.669090270996094, 126.116096496582 -8.671070098876953, 126.1263122558594 -8.666709899902344, 126.1320724487305 -8.670089721679688, 126.1429214477539 -8.667300224304199, 126.1600570678711 -8.67965030670166, 126.168212890625 -8.677189826965332, 126.1784973144531 -8.688179969787598, 126.1872406005859 -8.688509941101074, 126.1880569458008 -8.692629814147949, 126.1919937133789 -8.690380096435547, 126.1933975219727 -8.692729949951172, 126.1956329345703 -8.689060211181641, 126.1981964111328 -8.69242000579834, 126.2005615234375 -8.686220169067383, 126.2078170776367 -8.687060356140137, 126.212287902832 -8.696359634399414, 126.2146530151367 -8.691780090332031, 126.2185134887695 -8.697640419006348, 126.2264785766602 -8.697999954223633, 126.2323226928711 -8.683429718017578, 126.2339935302734 -8.685870170593262, 126.2377395629883 -8.683239936828613, 126.2393035888672 -8.686579704284668, 126.2456512451172 -8.686349868774414, 126.2454986572266 -8.688739776611328, 126.2515106201172 -8.685210227966309, 126.2564010620117 -8.690070152282715, 126.2529983520508 -8.693989753723145, 126.2643585205078 -8.693550109863281, 126.2683792114258 -8.686759948730469, 126.2728118896484 -8.686610221862793, 126.2736511230469 -8.679300308227539, 126.2789535522461 -8.676529884338379, 126.2800064086914 -8.670559883117676, 126.2863311767578 -8.668569564819336, 126.3075866699219 -8.681980133056641, 126.3169937133789 -8.68159008026123, 126.331916809082 -8.673009872436523, 126.3392791748047 -8.682629585266113, 126.3454666137695 -8.683810234069824, 126.3576736450195 -8.677740097045898, 126.3565521240234 -8.672060012817383, 126.3667831420898 -8.666190147399902, 126.3755874633789 -8.666170120239258, 126.3874816894531 -8.65625, 126.3971099853516 -8.659580230712891, 126.3895568847656 -8.668519973754883, 126.3995132446289 -8.690219879150391, 126.4434280395508 -8.702930450439453, 126.4527816772461 -8.692500114440918, 126.4501266479492 -8.686180114746094, 126.4561614990234 -8.683699607849121, 126.4508895874023 -8.673789978027344, 126.4548034667969 -8.671640396118164, 126.4446868896484 -8.662039756774902, 126.4545211791992 -8.647970199584961, 126.4541473388672 -8.643569946289062, 126.4588317871094 -8.641670227050781, 126.4631729125977 -8.632450103759766, 126.4693603515625 -8.627579689025879, 126.4601669311523 -8.621800422668457, 126.4619293212891 -8.613710403442383, 126.4589004516602 -8.611579895019531, 126.4660034179688 -8.608659744262695, 126.4621963500977 -8.605070114135742, 126.4650573730469 -8.598420143127441, 126.4608612060547 -8.595939636230469, 126.4641571044922 -8.593000411987305, 126.4759521484375 -8.596599578857422, 126.4776229858398 -8.612979888916016, 126.4821166992188 -8.61244010925293, 126.4875717163086 -8.618300437927246, 126.4846725463867 -8.632760047912598, 126.4885177612305 -8.648409843444824, 126.5010299682617 -8.660880088806152, 126.5106735229492 -8.678380012512207, 126.5227966308594 -8.682840347290039, 126.5330505371094 -8.682000160217285, 126.5454025268555 -8.669639587402344, 126.5620880126953 -8.663330078125, 126.5664367675781 -8.658280372619629, 126.574333190918 -8.658379554748535, 126.5844497680664 -8.652819633483887, 126.5880584716797 -8.654120445251465, 126.5875778198242 -8.661399841308594, 126.6121673583984 -8.689129829406738, 126.6217727661133 -8.676340103149414, 126.6203308105469 -8.662969589233398, 126.6261367797852 -8.65386962890625, 126.645149230957 -8.649060249328613, 126.6533966064453 -8.637720108032227, 126.6603469848633 -8.638090133666992, 126.6848831176758 -8.650230407714844, 126.7114868164062 -8.649259567260742))",126.35852657315,-8.8012144232002
